{
    "XOM": "Exxon",
    "CVX": "Chevron",
    "COP": "ConocoPhillips",
    "VLO": "Valero Energy",
    "MSFT": "Microsoft",
    "IBM": "IBM",
    "TWX": "Time Warner",
    "CMCSA": "Comcast",
    "HPQ": "HP",
    "AMZN": "Amazon",
    "TM": "Toyota",
    "F": "Ford",
    "HMC": "Honda",
    "NOC": "Northrop Grumman",
    "BA": "Boeing",
    "KO": "Coca Cola",
    "MMM": "3M",
    "MCD": "Mc Donalds",
    "PEP": "Pepsi",
    "MDLZ": "Kraft Foods",
    "K": "Kellogg",
    "MAR": "Marriott",
    "PG": "Procter Gamble",
    "CL": "Colgate-Palmolive",
    "GE": "General Electrics",
    "WFC": "Wells Fargo",
    "JPM": "JPMorgan Chase",
    "AIG": "AIG",
    "AXP": "American express",
    "BAC": "Bank of America",
    "GS": "Goldman Sachs",
    "AAPL": "Apple",
    "SAP": "SAP",
    "CSCO": "Cisco",
    "TXN": "Texas instruments",
    "XRX": "Xerox",
    "LMT": "Lookheed Martin",
    "WMT": "Wal-Mart",
    "WBA": "Walgreen",
    "HD": "Home Depot",
    "GSK": "GlaxoSmithKline",
    "PFE": "Pfizer",
    "SNY": "Sanofi-Aventis",
    "NVS": "Novartis",
    "KMB": "Kimberly-Clark",
    "R": "Ryder",
    "GD": "General Dynamics",
    "CVS": "CVS",
    "CAT": "Caterpillar",
    "DD": "DuPont de Nemours"
}